country,year,crop,yield_anomaly,rain_anomaly,temp_anomaly,is_best
Fiji,1983,cassava,60.384418,-11.1,-0.4,1
Fiji,1983,taro,30.448712,-11.1,-0.4,0
Fiji,1983,sweet_potato,-26.220622,-11.1,-0.4,0
Fiji,1987,cassava,-7.077622,-21.8,-0.4,0
Fiji,1987,taro,5.271672,-21.8,-0.4,0
Fiji,1987,sweet_potato,187.891383,-21.8,-0.4,1
Fiji,1992,cassava,-59.547843,-15.3,-0.2,0
Fiji,1992,taro,-67.965673,-15.3,-0.2,0
Fiji,1992,sweet_potato,81.459724,-15.3,-0.2,1
Fiji,1995,cassava,7.622614,-10.9,0.2,0
Fiji,1995,taro,-3.413962,-10.9,0.2,0
Fiji,1995,sweet_potato,22.619196,-10.9,0.2,1
Fiji,1998,cassava,4.878592,-24.2,0.0,0
Fiji,1998,taro,-19.453086,-24.2,0.0,0
Fiji,1998,sweet_potato,74.7064,-24.2,0.0,1
Fiji,2003,cassava,-9.282034,-17.8,0.2,0
Fiji,2003,taro,-9.541101,-17.8,0.2,0
Fiji,2003,sweet_potato,39.521245,-17.8,0.2,1
Fiji,2004,cassava,23.515714,-10.0,0.2,1
Fiji,2004,taro,-14.004017,-10.0,0.2,0
Fiji,2004,sweet_potato,-35.252748,-10.0,0.2,0
Fiji,2006,cassava,-8.969793,-10.9,0.2,1
Fiji,2006,taro,-13.964584,-10.9,0.2,0
Fiji,2006,sweet_potato,-9.728697,-10.9,0.2,0
Fiji,2014,cassava,-30.358402,-14.4,0.4,0
Fiji,2014,taro,-21.605948,-14.4,0.4,0
Fiji,2014,sweet_potato,18.918717,-14.4,0.4,1
Fiji,2015,cassava,71.765567,-21.0,-0.2,1
Fiji,2015,taro,68.177973,-21.0,-0.2,0
Fiji,2015,sweet_potato,14.401943,-21.0,-0.2,0
New Caledonia,1987,cassava,45.02878,-14.8,-0.2,1
New Caledonia,1987,taro,11.490617,-14.8,-0.2,0
New Caledonia,1987,sweet_potato,33.3934,-14.8,-0.2,0
New Caledonia,1993,cassava,36.947871,-10.2,-0.5,0
New Caledonia,1993,taro,-21.046179,-10.2,-0.5,0
New Caledonia,1993,sweet_potato,37.54454,-10.2,-0.5,1
New Caledonia,1994,cassava,30.017985,-12.7,-0.7,0
New Caledonia,1994,taro,-18.233485,-12.7,-0.7,0
New Caledonia,1994,sweet_potato,35.789478,-12.7,-0.7,1
New Caledonia,2010,cassava,-29.058438,-10.8,0.4,0
New Caledonia,2010,taro,27.231197,-10.8,0.4,1
New Caledonia,2010,sweet_potato,-48.889993,-10.8,0.4,0
New Caledonia,2014,cassava,-23.902152,-12.8,0.1,0
New Caledonia,2014,taro,-6.842344,-12.8,0.1,1
New Caledonia,2014,sweet_potato,-47.001451,-12.8,0.1,0
New Caledonia,2015,cassava,-7.519386,-12.3,0.0,0
New Caledonia,2015,taro,1.658586,-12.3,0.0,1
New Caledonia,2015,sweet_potato,-31.762877,-12.3,0.0,0
New Caledonia,2016,cassava,1.514179,-16.0,0.7,1
New Caledonia,2016,taro,-0.992372,-16.0,0.7,0
New Caledonia,2016,sweet_potato,-13.803516,-16.0,0.7,0
New Caledonia,2017,cassava,8.905347,-18.5,0.5,1
New Caledonia,2017,taro,-8.497724,-18.5,0.5,0
New Caledonia,2017,sweet_potato,1.51627,-18.5,0.5,0
New Caledonia,2018,cassava,15.182712,-9.6,0.3,0
New Caledonia,2018,taro,-7.504224,-9.6,0.3,0
New Caledonia,2018,sweet_potato,16.36104,-9.6,0.3,1
New Caledonia,2019,cassava,20.734667,-15.3,0.2,0
New Caledonia,2019,taro,-8.644663,-15.3,0.2,0
New Caledonia,2019,sweet_potato,30.905922,-15.3,0.2,1
Niue,1979,cassava,-25.205563,-18.1,-0.1,0
Niue,1979,taro,-50.138445,-18.1,-0.1,0
Niue,1979,sweet_potato,43.455375,-18.1,-0.1,1
Niue,1980,cassava,-25.288016,-12.6,0.1,0
Niue,1980,taro,-53.334298,-12.6,0.1,0
Niue,1980,sweet_potato,43.405626,-12.6,0.1,1
Niue,1983,cassava,-22.556222,-24.1,-0.3,0
Niue,1983,taro,-31.683338,-24.1,-0.3,0
Niue,1983,sweet_potato,43.256482,-24.1,-0.3,1
Niue,1986,cassava,-9.947403,-13.7,-0.3,0
Niue,1986,taro,0.575387,-13.7,-0.3,0
Niue,1986,sweet_potato,43.107494,-13.7,-0.3,1
Niue,1987,cassava,-14.330168,-18.2,-0.4,0
Niue,1987,taro,13.062398,-18.2,-0.4,0
Niue,1987,sweet_potato,43.057865,-18.2,-0.4,1
Niue,1992,cassava,-1.412975,-12.7,0.2,0
Niue,1992,taro,34.756534,-12.7,0.2,1
Niue,1992,sweet_potato,-0.033013,-12.7,0.2,0
Niue,1997,cassava,0.904454,-23.0,-0.2,0
Niue,1997,taro,29.469989,-23.0,-0.2,1
Niue,1997,sweet_potato,0.869097,-23.0,-0.2,0
Niue,1998,cassava,1.310106,-23.5,-0.3,0
Niue,1998,taro,28.395187,-23.5,-0.3,1
Niue,1998,sweet_potato,1.02142,-23.5,-0.3,0
Niue,2002,cassava,-9.800562,-18.7,0.4,0
Niue,2002,taro,22.562503,-18.7,0.4,1
Niue,2002,sweet_potato,0.523537,-18.7,0.4,0
Niue,2014,cassava,13.917938,-11.0,0.6,1
Niue,2014,taro,-1.342411,-11.0,0.6,0
Niue,2014,sweet_potato,-11.248648,-11.0,0.6,0
Papua New Guinea,1979,cassava,0.311891,-11.1,-0.1,0
Papua New Guinea,1979,taro,-0.254322,-11.1,-0.1,0
Papua New Guinea,1979,sweet_potato,1.387437,-11.1,-0.1,1
Papua New Guinea,1982,cassava,0.32916,-17.7,-0.5,0
Papua New Guinea,1982,taro,0.034413,-17.7,-0.5,0
Papua New Guinea,1982,sweet_potato,0.837854,-17.7,-0.5,1
Papua New Guinea,1987,cassava,2.335584,-10.0,-0.1,0
Papua New Guinea,1987,taro,1.19985,-10.0,-0.1,0
Papua New Guinea,1987,sweet_potato,4.018273,-10.0,-0.1,1
Papua New Guinea,1991,cassava,3.448004,-8.1,-0.1,1
Papua New Guinea,1991,taro,-3.444815,-8.1,-0.1,0
Papua New Guinea,1991,sweet_potato,1.227365,-8.1,-0.1,0
Papua New Guinea,1992,cassava,4.430944,-14.3,-0.2,1
Papua New Guinea,1992,taro,-3.632323,-14.3,-0.2,0
Papua New Guinea,1992,sweet_potato,1.920775,-14.3,-0.2,0
Papua New Guinea,1993,cassava,4.551921,-18.7,-0.4,1
Papua New Guinea,1993,taro,-3.90603,-18.7,-0.4,0
Papua New Guinea,1993,sweet_potato,2.607565,-18.7,-0.4,0
Papua New Guinea,1994,cassava,6.479379,-10.2,-0.2,1
Papua New Guinea,1994,taro,-2.626284,-10.2,-0.2,0
Papua New Guinea,1994,sweet_potato,-4.165982,-10.2,-0.2,0
Papua New Guinea,1997,cassava,4.789721,-26.7,-0.2,1
Papua New Guinea,1997,taro,-12.843687,-26.7,-0.2,0
Papua New Guinea,1997,sweet_potato,-3.133831,-26.7,-0.2,0
Papua New Guinea,2004,cassava,-1.368274,-9.2,0.1,0
Papua New Guinea,2004,taro,-6.56568,-9.2,0.1,0
Papua New Guinea,2004,sweet_potato,2.55753,-9.2,0.1,1
Papua New Guinea,2015,cassava,-1.96392,-20.2,0.2,0
Papua New Guinea,2015,taro,5.801573,-20.2,0.2,1
Papua New Guinea,2015,sweet_potato,0.253217,-20.2,0.2,0
Solomon Islands,1987,cassava,19.427516,-22.0,-0.3,0
Solomon Islands,1987,taro,25.077395,-22.0,-0.3,1
Solomon Islands,1987,sweet_potato,4.732085,-22.0,-0.3,0
Solomon Islands,1989,cassava,18.772225,-11.0,0.2,0
Solomon Islands,1989,taro,26.094397,-11.0,0.2,1
Solomon Islands,1989,sweet_potato,7.619074,-11.0,0.2,0
Solomon Islands,1992,cassava,24.682415,-18.9,-0.4,0
Solomon Islands,1992,taro,25.472886,-18.9,-0.4,1
Solomon Islands,1992,sweet_potato,10.956172,-18.9,-0.4,0
Solomon Islands,1993,cassava,24.434697,-20.4,-0.7,0
Solomon Islands,1993,taro,25.318938,-20.4,-0.7,1
Solomon Islands,1993,sweet_potato,11.412544,-20.4,-0.7,0
Solomon Islands,1994,cassava,20.432992,-8.4,-0.2,0
Solomon Islands,1994,taro,24.954,-8.4,-0.2,1
Solomon Islands,1994,sweet_potato,10.983902,-8.4,-0.2,0
Solomon Islands,1995,cassava,17.924017,-12.0,0.4,0
Solomon Islands,1995,taro,24.297969,-12.0,0.4,1
Solomon Islands,1995,sweet_potato,10.549812,-12.0,0.4,0
Solomon Islands,1997,cassava,12.465612,-28.0,-0.2,0
Solomon Islands,1997,taro,13.18685,-28.0,-0.2,1
Solomon Islands,1997,sweet_potato,11.151013,-28.0,-0.2,0
Solomon Islands,2003,cassava,8.712754,-10.5,0.5,0
Solomon Islands,2003,taro,9.043683,-10.5,0.5,1
Solomon Islands,2003,sweet_potato,3.3273,-10.5,0.5,0
Solomon Islands,2005,cassava,6.748754,-10.3,0.5,0
Solomon Islands,2005,taro,7.696608,-10.3,0.5,1
Solomon Islands,2005,sweet_potato,1.385092,-10.3,0.5,0
Solomon Islands,2008,cassava,3.423408,-8.4,0.3,0
Solomon Islands,2008,taro,5.707133,-8.4,0.3,1
Solomon Islands,2008,sweet_potato,0.343649,-8.4,0.3,0
Tonga,1979,cassava,-30.145931,-19.5,-0.2,0
Tonga,1979,taro,-8.468125,-19.5,-0.2,0
Tonga,1979,sweet_potato,7.438592,-19.5,-0.2,1
Tonga,1980,cassava,-32.815092,-16.5,0.0,0
Tonga,1980,taro,-8.288571,-16.5,0.0,0
Tonga,1980,sweet_potato,-0.831951,-16.5,0.0,1
Tonga,1981,cassava,-32.633764,-14.8,-0.1,0
Tonga,1981,taro,-8.069395,-14.8,-0.1,0
Tonga,1981,sweet_potato,-0.076201,-14.8,-0.1,1
Tonga,1983,cassava,-29.955671,-26.0,-0.3,0
Tonga,1983,taro,-7.478396,-26.0,-0.3,0
Tonga,1983,sweet_potato,0.214593,-26.0,-0.3,1
Tonga,1986,cassava,-24.54355,-13.4,-0.4,0
Tonga,1986,taro,-6.00301,-13.4,-0.4,0
Tonga,1986,sweet_potato,1.425513,-13.4,-0.4,1
Tonga,1987,cassava,-11.013666,-26.3,-0.5,0
Tonga,1987,taro,-5.260212,-26.3,-0.5,0
Tonga,1987,sweet_potato,2.72744,-26.3,-0.5,1
Tonga,1994,cassava,15.271838,-16.1,-0.3,0
Tonga,1994,taro,23.086134,-16.1,-0.3,1
Tonga,1994,sweet_potato,4.077262,-16.1,-0.3,0
Tonga,1998,cassava,13.053247,-21.8,-0.1,0
Tonga,1998,taro,16.752231,-21.8,-0.1,1
Tonga,1998,sweet_potato,5.272017,-21.8,-0.1,0
Tonga,2003,cassava,1.67319,-17.0,0.3,0
Tonga,2003,taro,8.669109,-17.0,0.3,1
Tonga,2003,sweet_potato,5.915728,-17.0,0.3,0
Tonga,2015,cassava,2.141017,-21.5,-0.1,1
Tonga,2015,taro,-3.637185,-21.5,-0.1,0
Tonga,2015,sweet_potato,-3.336966,-21.5,-0.1,0
