cassava,taro,sp,mean,worst,severe,eff_n
0,0,100,11.543024,-48.889993,7,1.0
0,5,95,10.947227,-41.212761,8,1.219591
0,10,90,10.38851,-36.46793,8,1.384145
0,15,85,9.861248,-32.507957,7,1.52609
0,20,80,9.361005,-29.152979,6,1.649385
0,25,75,8.88396,-27.779053,6,1.754765
0,30,70,8.426626,-26.521171,4,1.842023
0,35,65,7.985674,-25.32802,4,1.910656
0,40,60,7.55782,-24.194731,3,1.960132
0,45,55,7.139696,-23.116907,4,1.990008
0,50,50,6.72773,-22.090575,4,2.0
0,55,45,6.317983,-24.032181,4,1.990008
0,60,40,5.905931,-30.106687,4,1.960132
0,65,35,5.486165,-35.821053,6,1.910656
0,70,30,5.051943,-41.206384,6,1.842023
0,75,25,4.5945,-46.290303,7,1.754765
0,80,20,4.101958,-51.097426,7,1.649385
0,85,15,3.55749,-55.64976,9,1.52609
0,90,10,2.936115,-59.967038,10,1.384145
0,95,5,2.198725,-64.067008,11,1.219591
0,100,0,1.280134,-67.965673,11,1.0
5,0,95,10.966015,-47.315886,7,1.219591
5,5,90,10.422523,-39.721016,6,1.48349
5,10,85,9.908695,-35.227313,6,1.67898
5,15,80,9.419724,-31.459643,6,1.84572
5,20,75,8.951807,-28.255204,5,1.98861
5,25,70,8.501614,-25.496482,5,2.108618
5,30,65,8.066015,-23.096531,4,2.205573
5,35,60,7.641917,-21.04238,3,2.278961
5,40,55,7.226131,-20.05705,4,2.328241
5,45,50,6.815241,-19.118087,4,2.352994
5,50,45,6.405444,-24.104985,4,2.352994
5,55,40,5.992337,-30.077122,4,2.328241
5,60,35,5.570627,-35.700856,5,2.278961
5,65,30,5.133689,-41.005812,5,2.205573
5,70,25,4.6729,-46.018346,5,2.108618
5,75,20,4.176574,-50.761989,6,1.98861
5,80,15,3.628187,-55.257813,7,1.84572
5,85,10,3.00329,-59.524742,10,1.67898
5,90,5,2.263775,-63.579823,11,1.48349
5,95,0,1.346505,-67.438452,11,1.219591
10,0,90,10.450571,-45.836202,6,1.384145
10,5,85,9.948051,-38.309783,5,1.67898
10,10,80,9.469318,-34.047914,5,1.894646
10,15,75,9.010078,-30.458974,5,2.076301
10,20,70,8.566902,-27.395246,5,2.229592
10,25,65,8.136721,-24.749301,5,2.355707
10,30,60,7.716561,-22.441136,4,2.454556
10,35,55,7.303366,-20.409952,4,2.525671
10,40,50,6.89385,-18.608714,4,2.568568
10,45,45,6.484328,-24.175355,4,2.582907
10,50,40,6.070511,-30.048515,4,2.568568
10,55,35,5.647212,-35.584447,5,2.525671
10,60,30,5.207919,-40.811385,5,2.454556
10,65,25,4.744143,-45.754495,5,2.355707
10,70,20,4.244382,-50.436286,5,2.229592
10,75,15,3.692404,-54.876946,6,2.076301
10,80,10,3.064263,-59.094636,8,1.894646
10,85,5,2.322801,-63.105737,12,1.67898
10,90,0,1.406811,-66.925067,14,1.384145
15,0,85,9.982554,-44.442692,5,1.52609
15,5,80,9.511981,-36.972714,4,1.84572
15,10,75,9.060373,-32.925311,5,2.076301
15,15,70,8.623731,-29.502774,5,2.267796
15,20,65,8.198806,-26.570766,5,2.426535
15,25,60,7.782612,-24.030883,5,2.553939
15,30,55,7.372152,-21.809391,4,2.650028
15,35,50,6.964226,-19.849953,4,2.714423
15,40,45,6.555244,-24.24341,4,2.746735
15,45,40,6.141011,-30.020823,5,2.746735
15,50,35,5.716435,-35.471651,5,2.714423
15,55,30,5.27511,-40.622825,5,2.650028
15,60,25,4.808672,-45.498394,5,2.553939
15,65,20,4.305797,-50.119899,5,2.426535
15,70,15,3.750528,-54.506697,6,2.267796
15,75,10,3.119397,-58.676223,8,2.076301
15,80,5,2.37615,-62.644229,11,1.84572
15,85,0,1.461397,-66.42498,13,1.52609
20,0,80,9.550814,-43.128041,4,1.649385
20,5,75,9.104801,-35.704113,4,1.98861
20,10,70,8.673637,-31.855499,5,2.229592
20,15,65,8.253455,-28.588144,5,2.426535
20,20,60,7.841027,-25.779613,5,2.586409
20,25,55,7.433293,-23.339599,6,2.710875
20,30,50,7.027065,-21.200037,4,2.800094
20,35,45,6.618806,-24.309264,4,2.853807
20,40,40,6.204387,-29.994,4,2.871746
20,45,35,5.778798,-35.362301,4,2.853807
20,50,30,5.335721,-40.43987,5,2.800094
20,55,25,4.866912,-45.249704,6,2.710875
20,60,20,4.36121,-49.812435,7,2.586409
20,65,15,3.802922,-54.146627,7,2.426535
20,70,10,3.169035,-58.269032,10,2.229592
20,75,5,2.424145,-62.194804,11,1.98861
20,80,0,1.510581,-65.937682,12,1.649385
25,0,75,9.146331,-41.88574,4,1.754765
25,5,70,8.718648,-34.498853,4,2.108618
25,10,65,8.302141,-30.834838,4,2.355707
25,15,60,7.892939,-27.71243,4,2.553939
25,20,55,7.487697,-25.019805,5,2.710875
25,25,50,7.083123,-22.673941,5,2.828427
25,30,45,6.675661,-24.37302,4,2.906919
25,35,40,6.261208,-29.968008,6,2.946234
25,40,35,5.834804,-35.256241,6,2.946234
25,45,30,5.390207,-40.262275,7,2.906919
25,50,25,4.919275,-45.00811,7,2.828427
25,55,20,4.411,-49.51352,7,2.710875
25,60,15,3.849935,-53.796323,8,2.553939
25,65,10,3.213499,-57.872619,11,2.355707
25,70,5,2.467095,-61.756994,12,2.108618
25,75,0,1.554667,-65.462688,12,1.754765
30,0,70,8.761601,-40.709975,3,1.842023
30,5,65,8.346814,-33.352304,3,2.205573
30,10,60,7.939763,-29.860018,3,2.454556
30,15,55,7.536447,-26.8732,6,2.650028
30,20,50,7.133264,-24.289516,7,2.800094
30,25,45,6.726522,-24.434779,7,2.906919
30,30,40,6.312077,-29.942808,7,2.971004
30,35,35,5.884979,-35.153327,7,2.992375
30,40,30,5.439032,-40.089806,7,2.971004
30,45,25,4.966176,-44.773312,7,2.906919
30,50,20,4.455541,-49.222803,9,2.800094
30,55,15,3.891909,-53.455392,9,2.650028
30,60,10,3.253105,-57.486561,11,2.454556
30,65,5,2.505293,-61.330354,12,2.205573
30,70,0,1.593943,-64.999538,12,1.842023
35,0,65,8.390186,-39.595542,4,1.910656
35,5,60,7.983372,-32.260279,5,2.278961
35,10,55,7.580905,-28.928018,6,2.525671
35,15,50,7.178525,-26.068221,9,2.714423
35,20,45,6.772212,-24.494631,9,2.853807
35,25,40,6.357671,-29.918364,8,2.946234
35,30,35,5.929892,-35.053418,7,2.992375
35,35,30,5.482684,-39.922246,8,2.992375
35,40,25,5.008044,-44.545027,9,2.946234
35,45,20,4.495214,-48.939952,9,2.853807
35,50,15,3.929186,-53.123464,9,2.714423
35,55,10,3.288164,-57.110458,11,2.525671
35,60,5,2.539029,-60.914463,12,2.278961
35,65,0,1.62869,-64.547795,12,1.910656
40,0,60,8.026357,-38.537763,6,1.960132
40,5,55,7.622871,-31.399288,7,2.328241
40,10,50,7.220218,-28.036077,8,2.568568
40,15,45,6.81373,-25.295438,9,2.746735
40,20,40,6.398776,-29.894642,8,2.871746
40,25,35,5.970183,-34.956387,9,2.946234
40,30,30,5.521701,-39.759387,9,2.971004
40,35,25,5.045336,-44.322988,9,2.946234
40,40,20,4.530417,-48.664652,9,2.871746
40,45,15,3.962117,-52.800186,9,2.746735
40,50,10,3.31899,-56.743928,11,2.568568
40,55,5,2.568593,-60.508919,12,2.328241
40,60,0,1.659184,-64.107041,12,1.960132
45,0,55,7.664818,-37.532424,7,1.990008
45,5,50,7.260069,-30.623863,8,2.352994
45,10,45,6.852336,-27.181667,9,2.582907
45,15,40,6.436351,-29.871612,9,2.746735
45,20,35,6.006608,-34.862111,10,2.853807
45,25,30,5.556693,-39.601035,10,2.906919
45,30,25,5.078561,-44.106941,9,2.906919
45,35,20,4.561581,-48.396604,9,2.853807
45,40,15,3.991075,-52.485224,9,2.746735
45,45,10,3.345914,-56.386612,11,2.582907
45,50,5,2.594282,-60.113341,12,2.352994
45,55,0,1.685707,-63.676882,12,1.990008
50,0,50,7.300443,-36.575722,9,2.0
50,5,45,6.889689,-29.883607,9,2.352994
50,10,40,6.47161,-29.849244,10,2.568568
50,15,35,6.040089,-34.770472,9,2.714423
50,20,30,5.588384,-39.447005,10,2.800094
50,25,25,5.108303,-43.896649,9,2.828427
50,30,20,4.58919,-48.135525,9,2.800094
50,35,15,4.016469,-52.178262,9,2.714423
50,40,10,3.369288,-56.038166,11,2.568568
50,45,5,2.616409,-59.727365,12,2.352994
50,50,0,1.708548,-63.256939,12,2.0
55,0,45,6.928046,-35.664209,10,1.990008
55,5,40,6.506146,-29.827509,10,2.328241
55,10,35,6.071793,-34.681364,10,2.525671
55,15,30,5.617663,-39.297122,9,2.650028
55,20,25,5.135258,-43.691883,10,2.710875
55,25,20,4.613803,-47.881147,9,2.710875
55,30,15,4.038762,-51.878999,9,2.650028
55,35,10,3.389503,-55.698264,11,2.525671
55,40,5,2.635313,-59.350647,12,2.328241
55,45,0,1.728016,-62.846853,12,1.990008
60,0,40,6.542116,-34.794757,10,1.960132
60,5,35,6.103252,-34.594681,10,2.278961
60,10,30,5.645656,-39.151221,10,2.454556
60,15,25,5.160282,-43.492429,9,2.553939
60,20,20,4.636092,-47.633216,9,2.586409
60,25,15,4.058491,-51.587149,9,2.553939
60,30,10,3.407002,-55.366596,11,2.454556
60,35,5,2.651372,-58.982858,12,2.278961
60,40,0,1.744444,-62.446281,12,1.960132
65,0,35,6.136527,-34.510327,10,1.910656
65,5,30,5.673831,-39.009146,10,2.205573
65,10,25,5.18446,-43.298082,9,2.355707
65,15,20,4.656883,-47.391489,9,2.426535
65,20,15,4.076306,-51.302439,9,2.426535
65,25,10,3.422309,-55.042865,10,2.355707
65,30,5,2.665018,-58.623683,12,2.205573
65,35,0,1.758206,-62.054895,12,1.910656
70,0,30,5.70416,-38.870748,10,1.842023
70,5,25,5.209205,-43.10865,10,2.108618
70,10,20,4.677222,-47.155736,9,2.229592
70,15,15,4.093003,-51.024611,9,2.267796
70,20,10,3.436049,-54.726791,9,2.229592
70,25,5,2.676759,-58.272824,12,2.108618
70,30,0,1.769731,-61.672383,12,1.842023
75,0,25,5.236401,-42.923947,10,1.754765
75,5,20,4.698467,-46.925739,9,1.98861
75,10,15,4.109595,-50.753418,9,2.076301
75,15,10,3.448998,-54.418105,9,2.076301
75,20,5,2.687208,-57.929994,12,1.98861
75,25,0,1.779521,-61.298447,12,1.754765
80,0,20,4.722421,-46.701289,10,1.649385
80,5,15,4.127387,-50.488626,9,1.84572
80,10,10,3.462133,-54.116551,9,1.894646
80,15,5,2.697118,-57.594923,12,1.84572
80,20,0,1.78818,-60.932801,13,1.649385
85,0,15,4.148108,-50.230009,9,1.52609
85,5,10,3.476714,-53.821884,9,1.67898
85,10,5,2.70744,-57.267348,12,1.67898
85,15,0,1.79645,-60.575173,14,1.52609
90,0,10,3.494397,-53.533872,9,1.384145
90,5,5,2.719391,-56.947021,13,1.48349
90,10,0,1.805259,-60.225302,14,1.384145
95,0,5,2.734563,-56.633705,13,1.219591
95,5,0,1.815789,-59.882939,14,1.219591
100,0,0,1.82958,-59.547843,14,1.0
