event_id,country,year,strategy,harvest_outcome_pct,downside_pct,rain_anomaly
Fiji_1983,Fiji,1983,cassava_only,60.384418,0,-11.1
Fiji_1983,Fiji,1983,taro_only,30.448712,0,-11.1
Fiji_1983,Fiji,1983,sweet_potato_only,-26.220622,26.220622,-11.1
Fiji_1983,Fiji,1983,mixed_equal,35.394882,0,-11.1
Fiji_1987,Fiji,1987,cassava_only,-7.077622,7.077622,-21.8
Fiji_1987,Fiji,1987,taro_only,5.271672,0,-21.8
Fiji_1987,Fiji,1987,sweet_potato_only,187.891383,0,-21.8
Fiji_1987,Fiji,1987,mixed_equal,30.776037,0,-21.8
Fiji_1992,Fiji,1992,cassava_only,-59.547843,59.547843,-15.3
Fiji_1992,Fiji,1992,taro_only,-67.965673,67.965673,-15.3
Fiji_1992,Fiji,1992,sweet_potato_only,81.459724,0,-15.3
Fiji_1992,Fiji,1992,mixed_equal,-36.745596,36.745596,-15.3
Fiji_1995,Fiji,1995,cassava_only,7.622614,0,-10.9
Fiji_1995,Fiji,1995,taro_only,-3.413962,3.413962,-10.9
Fiji_1995,Fiji,1995,sweet_potato_only,22.619196,0,-10.9
Fiji_1995,Fiji,1995,mixed_equal,6.537328,0,-10.9
Fiji_1998,Fiji,1998,cassava_only,4.878592,0,-24.2
Fiji_1998,Fiji,1998,taro_only,-19.453086,19.453086,-24.2
Fiji_1998,Fiji,1998,sweet_potato_only,74.7064,0,-24.2
Fiji_1998,Fiji,1998,mixed_equal,10.103658,0,-24.2
Fiji_2003,Fiji,2003,cassava_only,-9.282034,9.282034,-17.8
Fiji_2003,Fiji,2003,taro_only,-9.541101,9.541101,-17.8
Fiji_2003,Fiji,2003,sweet_potato_only,39.521245,0,-17.8
Fiji_2003,Fiji,2003,mixed_equal,0.975636,0,-17.8
Fiji_2004,Fiji,2004,cassava_only,23.515714,0,-10.0
Fiji_2004,Fiji,2004,taro_only,-14.004017,14.004017,-10.0
Fiji_2004,Fiji,2004,sweet_potato_only,-35.252748,35.252748,-10.0
Fiji_2004,Fiji,2004,mixed_equal,-2.228488,2.228488,-10.0
Fiji_2006,Fiji,2006,cassava_only,-8.969793,8.969793,-10.9
Fiji_2006,Fiji,2006,taro_only,-13.964584,13.964584,-10.9
Fiji_2006,Fiji,2006,sweet_potato_only,-9.728697,9.728697,-10.9
Fiji_2006,Fiji,2006,mixed_equal,-10.874112,10.874112,-10.9
Fiji_2014,Fiji,2014,cassava_only,-30.358402,30.358402,-14.4
Fiji_2014,Fiji,2014,taro_only,-21.605948,21.605948,-14.4
Fiji_2014,Fiji,2014,sweet_potato_only,18.918717,0,-14.4
Fiji_2014,Fiji,2014,mixed_equal,-15.35904,15.35904,-14.4
Fiji_2015,Fiji,2015,cassava_only,71.765567,0,-21.0
Fiji_2015,Fiji,2015,taro_only,68.177973,0,-21.0
Fiji_2015,Fiji,2015,sweet_potato_only,14.401943,0,-21.0
Fiji_2015,Fiji,2015,mixed_equal,56.374542,0,-21.0
New Caledonia_1987,New Caledonia,1987,cassava_only,45.02878,0,-14.8
New Caledonia_1987,New Caledonia,1987,taro_only,11.490617,0,-14.8
New Caledonia_1987,New Caledonia,1987,sweet_potato_only,33.3934,0,-14.8
New Caledonia_1987,New Caledonia,1987,mixed_equal,31.745676,0,-14.8
New Caledonia_1993,New Caledonia,1993,cassava_only,36.947871,0,-10.2
New Caledonia_1993,New Caledonia,1993,taro_only,-21.046179,21.046179,-10.2
New Caledonia_1993,New Caledonia,1993,sweet_potato_only,37.54454,0,-10.2
New Caledonia_1993,New Caledonia,1993,mixed_equal,16.470784,0,-10.2
New Caledonia_1994,New Caledonia,1994,cassava_only,30.017985,0,-12.7
New Caledonia_1994,New Caledonia,1994,taro_only,-18.233485,18.233485,-12.7
New Caledonia_1994,New Caledonia,1994,sweet_potato_only,35.789478,0,-12.7
New Caledonia_1994,New Caledonia,1994,mixed_equal,13.823261,0,-12.7
New Caledonia_2010,New Caledonia,2010,cassava_only,-29.058438,29.058438,-10.8
New Caledonia_2010,New Caledonia,2010,taro_only,27.231197,0,-10.8
New Caledonia_2010,New Caledonia,2010,sweet_potato_only,-48.889993,48.889993,-10.8
New Caledonia_2010,New Caledonia,2010,mixed_equal,-3.961771,3.961771,-10.8
New Caledonia_2014,New Caledonia,2014,cassava_only,-23.902152,23.902152,-12.8
New Caledonia_2014,New Caledonia,2014,taro_only,-6.842344,6.842344,-12.8
New Caledonia_2014,New Caledonia,2014,sweet_potato_only,-47.001451,47.001451,-12.8
New Caledonia_2014,New Caledonia,2014,mixed_equal,-18.503452,18.503452,-12.8
New Caledonia_2015,New Caledonia,2015,cassava_only,-7.519386,7.519386,-12.3
New Caledonia_2015,New Caledonia,2015,taro_only,1.658586,0,-12.3
New Caledonia_2015,New Caledonia,2015,sweet_potato_only,-31.762877,31.762877,-12.3
New Caledonia_2015,New Caledonia,2015,mixed_equal,-6.471691,6.471691,-12.3
New Caledonia_2016,New Caledonia,2016,cassava_only,1.514179,0,-16.0
New Caledonia_2016,New Caledonia,2016,taro_only,-0.992372,0.992372,-16.0
New Caledonia_2016,New Caledonia,2016,sweet_potato_only,-13.803516,13.803516,-16.0
New Caledonia_2016,New Caledonia,2016,mixed_equal,-2.427725,2.427725,-16.0
New Caledonia_2017,New Caledonia,2017,cassava_only,8.905347,0,-18.5
New Caledonia_2017,New Caledonia,2017,taro_only,-8.497724,8.497724,-18.5
New Caledonia_2017,New Caledonia,2017,sweet_potato_only,1.51627,0,-18.5
New Caledonia_2017,New Caledonia,2017,mixed_equal,-2.314999,2.314999,-18.5
New Caledonia_2018,New Caledonia,2018,cassava_only,15.182712,0,-9.6
New Caledonia_2018,New Caledonia,2018,taro_only,-7.504224,7.504224,-9.6
New Caledonia_2018,New Caledonia,2018,sweet_potato_only,16.36104,0,-9.6
New Caledonia_2018,New Caledonia,2018,mixed_equal,2.085834,0,-9.6
New Caledonia_2019,New Caledonia,2019,cassava_only,20.734667,0,-15.3
New Caledonia_2019,New Caledonia,2019,taro_only,-8.644663,8.644663,-15.3
New Caledonia_2019,New Caledonia,2019,sweet_potato_only,30.905922,0,-15.3
New Caledonia_2019,New Caledonia,2019,mixed_equal,4.836171,0,-15.3
Niue_1979,Niue,1979,cassava_only,-25.205563,25.205563,-18.1
Niue_1979,Niue,1979,taro_only,-50.138445,50.138445,-18.1
Niue_1979,Niue,1979,sweet_potato_only,43.455375,0,-18.1
Niue_1979,Niue,1979,mixed_equal,16.048373,0,-18.1
Niue_1980,Niue,1980,cassava_only,-25.288016,25.288016,-12.6
Niue_1980,Niue,1980,taro_only,-53.334298,53.334298,-12.6
Niue_1980,Niue,1980,sweet_potato_only,43.405626,0,-12.6
Niue_1980,Niue,1980,mixed_equal,15.359124,0,-12.6
Niue_1983,Niue,1983,cassava_only,-22.556222,22.556222,-24.1
Niue_1983,Niue,1983,taro_only,-31.683338,31.683338,-24.1
Niue_1983,Niue,1983,sweet_potato_only,43.256482,0,-24.1
Niue_1983,Niue,1983,mixed_equal,18.733712,0,-24.1
Niue_1986,Niue,1986,cassava_only,-9.947403,9.947403,-13.7
Niue_1986,Niue,1986,taro_only,0.575387,0,-13.7
Niue_1986,Niue,1986,sweet_potato_only,43.107494,0,-13.7
Niue_1986,Niue,1986,mixed_equal,25.975752,0,-13.7
Niue_1987,Niue,1987,cassava_only,-14.330168,14.330168,-18.2
Niue_1987,Niue,1987,taro_only,13.062398,0,-18.2
Niue_1987,Niue,1987,sweet_potato_only,43.057865,0,-18.2
Niue_1987,Niue,1987,mixed_equal,27.117573,0,-18.2
Niue_1992,Niue,1992,cassava_only,-1.412975,1.412975,-12.7
Niue_1992,Niue,1992,taro_only,34.756534,0,-12.7
Niue_1992,Niue,1992,sweet_potato_only,-0.033013,0.033013,-12.7
Niue_1992,Niue,1992,mixed_equal,5.84787,0,-12.7
Niue_1997,Niue,1997,cassava_only,0.904454,0,-23.0
Niue_1997,Niue,1997,taro_only,29.469989,0,-23.0
Niue_1997,Niue,1997,sweet_potato_only,0.869097,0,-23.0
Niue_1997,Niue,1997,mixed_equal,6.231878,0,-23.0
Niue_1998,Niue,1998,cassava_only,1.310106,0,-23.5
Niue_1998,Niue,1998,taro_only,28.395187,0,-23.5
Niue_1998,Niue,1998,sweet_potato_only,1.02142,0,-23.5
Niue_1998,Niue,1998,mixed_equal,6.262061,0,-23.5
Niue_2002,Niue,2002,cassava_only,-9.800562,9.800562,-18.7
Niue_2002,Niue,2002,taro_only,22.562503,0,-18.7
Niue_2002,Niue,2002,sweet_potato_only,0.523537,0,-18.7
Niue_2002,Niue,2002,mixed_equal,2.987462,0,-18.7
Niue_2014,Niue,2014,cassava_only,13.917938,0,-11.0
Niue_2014,Niue,2014,taro_only,-1.342411,1.342411,-11.0
Niue_2014,Niue,2014,sweet_potato_only,-11.248648,11.248648,-11.0
Niue_2014,Niue,2014,mixed_equal,-4.474317,4.474317,-11.0
Papua New Guinea_1979,Papua New Guinea,1979,cassava_only,0.311891,0,-11.1
Papua New Guinea_1979,Papua New Guinea,1979,taro_only,-0.254322,0.254322,-11.1
Papua New Guinea_1979,Papua New Guinea,1979,sweet_potato_only,1.387437,0,-11.1
Papua New Guinea_1979,Papua New Guinea,1979,mixed_equal,0.358759,0,-11.1
Papua New Guinea_1982,Papua New Guinea,1982,cassava_only,0.32916,0,-17.7
Papua New Guinea_1982,Papua New Guinea,1982,taro_only,0.034413,0,-17.7
Papua New Guinea_1982,Papua New Guinea,1982,sweet_potato_only,0.837854,0,-17.7
Papua New Guinea_1982,Papua New Guinea,1982,mixed_equal,0.343576,0,-17.7
Papua New Guinea_1987,Papua New Guinea,1987,cassava_only,2.335584,0,-10.0
Papua New Guinea_1987,Papua New Guinea,1987,taro_only,1.19985,0,-10.0
Papua New Guinea_1987,Papua New Guinea,1987,sweet_potato_only,4.018273,0,-10.0
Papua New Guinea_1987,Papua New Guinea,1987,mixed_equal,2.336488,0,-10.0
Papua New Guinea_1991,Papua New Guinea,1991,cassava_only,3.448004,0,-8.1
Papua New Guinea_1991,Papua New Guinea,1991,taro_only,-3.444815,3.444815,-8.1
Papua New Guinea_1991,Papua New Guinea,1991,sweet_potato_only,1.227365,0,-8.1
Papua New Guinea_1991,Papua New Guinea,1991,mixed_equal,0.805898,0,-8.1
Papua New Guinea_1992,Papua New Guinea,1992,cassava_only,4.430944,0,-14.3
Papua New Guinea_1992,Papua New Guinea,1992,taro_only,-3.632323,3.632323,-14.3
Papua New Guinea_1992,Papua New Guinea,1992,sweet_potato_only,1.920775,0,-14.3
Papua New Guinea_1992,Papua New Guinea,1992,mixed_equal,1.355712,0,-14.3
Papua New Guinea_1993,Papua New Guinea,1993,cassava_only,4.551921,0,-18.7
Papua New Guinea_1993,Papua New Guinea,1993,taro_only,-3.90603,3.90603,-18.7
Papua New Guinea_1993,Papua New Guinea,1993,sweet_potato_only,2.607565,0,-18.7
Papua New Guinea_1993,Papua New Guinea,1993,mixed_equal,1.471133,0,-18.7
Papua New Guinea_1994,Papua New Guinea,1994,cassava_only,6.479379,0,-10.2
Papua New Guinea_1994,Papua New Guinea,1994,taro_only,-2.626284,2.626284,-10.2
Papua New Guinea_1994,Papua New Guinea,1994,sweet_potato_only,-4.165982,4.165982,-10.2
Papua New Guinea_1994,Papua New Guinea,1994,mixed_equal,1.312146,0,-10.2
Papua New Guinea_1997,Papua New Guinea,1997,cassava_only,4.789721,0,-26.7
Papua New Guinea_1997,Papua New Guinea,1997,taro_only,-12.843687,12.843687,-26.7
Papua New Guinea_1997,Papua New Guinea,1997,sweet_potato_only,-3.133831,3.133831,-26.7
Papua New Guinea_1997,Papua New Guinea,1997,mixed_equal,-2.500682,2.500682,-26.7
Papua New Guinea_2004,Papua New Guinea,2004,cassava_only,-1.368274,1.368274,-9.2
Papua New Guinea_2004,Papua New Guinea,2004,taro_only,-6.56568,6.56568,-9.2
Papua New Guinea_2004,Papua New Guinea,2004,sweet_potato_only,2.55753,0,-9.2
Papua New Guinea_2004,Papua New Guinea,2004,mixed_equal,-2.146091,2.146091,-9.2
Papua New Guinea_2015,Papua New Guinea,2015,cassava_only,-1.96392,1.96392,-20.2
Papua New Guinea_2015,Papua New Guinea,2015,taro_only,5.801573,0,-20.2
Papua New Guinea_2015,Papua New Guinea,2015,sweet_potato_only,0.253217,0,-20.2
Papua New Guinea_2015,Papua New Guinea,2015,mixed_equal,1.022668,0,-20.2
Solomon Islands_1987,Solomon Islands,1987,cassava_only,19.427516,0,-22.0
Solomon Islands_1987,Solomon Islands,1987,taro_only,25.077395,0,-22.0
Solomon Islands_1987,Solomon Islands,1987,sweet_potato_only,4.732085,0,-22.0
Solomon Islands_1987,Solomon Islands,1987,mixed_equal,17.154121,0,-22.0
Solomon Islands_1989,Solomon Islands,1989,cassava_only,18.772225,0,-11.0
Solomon Islands_1989,Solomon Islands,1989,taro_only,26.094397,0,-11.0
Solomon Islands_1989,Solomon Islands,1989,sweet_potato_only,7.619074,0,-11.0
Solomon Islands_1989,Solomon Islands,1989,mixed_equal,18.257373,0,-11.0
Solomon Islands_1992,Solomon Islands,1992,cassava_only,24.682415,0,-18.9
Solomon Islands_1992,Solomon Islands,1992,taro_only,25.472886,0,-18.9
Solomon Islands_1992,Solomon Islands,1992,sweet_potato_only,10.956172,0,-18.9
Solomon Islands_1992,Solomon Islands,1992,mixed_equal,20.848273,0,-18.9
Solomon Islands_1993,Solomon Islands,1993,cassava_only,24.434697,0,-20.4
Solomon Islands_1993,Solomon Islands,1993,taro_only,25.318938,0,-20.4
Solomon Islands_1993,Solomon Islands,1993,sweet_potato_only,11.412544,0,-20.4
Solomon Islands_1993,Solomon Islands,1993,mixed_equal,20.861383,0,-20.4
Solomon Islands_1994,Solomon Islands,1994,cassava_only,20.432992,0,-8.4
Solomon Islands_1994,Solomon Islands,1994,taro_only,24.954,0,-8.4
Solomon Islands_1994,Solomon Islands,1994,sweet_potato_only,10.983902,0,-8.4
Solomon Islands_1994,Solomon Islands,1994,mixed_equal,19.365245,0,-8.4
Solomon Islands_1995,Solomon Islands,1995,cassava_only,17.924017,0,-12.0
Solomon Islands_1995,Solomon Islands,1995,taro_only,24.297969,0,-12.0
Solomon Islands_1995,Solomon Islands,1995,sweet_potato_only,10.549812,0,-12.0
Solomon Islands_1995,Solomon Islands,1995,mixed_equal,18.206537,0,-12.0
Solomon Islands_1997,Solomon Islands,1997,cassava_only,12.465612,0,-28.0
Solomon Islands_1997,Solomon Islands,1997,taro_only,13.18685,0,-28.0
Solomon Islands_1997,Solomon Islands,1997,sweet_potato_only,11.151013,0,-28.0
Solomon Islands_1997,Solomon Islands,1997,mixed_equal,12.355536,0,-28.0
Solomon Islands_2003,Solomon Islands,2003,cassava_only,8.712754,0,-10.5
Solomon Islands_2003,Solomon Islands,2003,taro_only,9.043683,0,-10.5
Solomon Islands_2003,Solomon Islands,2003,sweet_potato_only,3.3273,0,-10.5
Solomon Islands_2003,Solomon Islands,2003,mixed_equal,7.269119,0,-10.5
Solomon Islands_2005,Solomon Islands,2005,cassava_only,6.748754,0,-10.3
Solomon Islands_2005,Solomon Islands,2005,taro_only,7.696608,0,-10.3
Solomon Islands_2005,Solomon Islands,2005,sweet_potato_only,1.385092,0,-10.3
Solomon Islands_2005,Solomon Islands,2005,mixed_equal,5.558253,0,-10.3
Solomon Islands_2008,Solomon Islands,2008,cassava_only,3.423408,0,-8.4
Solomon Islands_2008,Solomon Islands,2008,taro_only,5.707133,0,-8.4
Solomon Islands_2008,Solomon Islands,2008,sweet_potato_only,0.343649,0,-8.4
Solomon Islands_2008,Solomon Islands,2008,mixed_equal,3.413202,0,-8.4
Tonga_1979,Tonga,1979,cassava_only,-30.145931,30.145931,-19.5
Tonga_1979,Tonga,1979,taro_only,-8.468125,8.468125,-19.5
Tonga_1979,Tonga,1979,sweet_potato_only,7.438592,0,-19.5
Tonga_1979,Tonga,1979,mixed_equal,-8.748548,8.748548,-19.5
Tonga_1980,Tonga,1980,cassava_only,-32.815092,32.815092,-16.5
Tonga_1980,Tonga,1980,taro_only,-8.288571,8.288571,-16.5
Tonga_1980,Tonga,1980,sweet_potato_only,-0.831951,0.831951,-16.5
Tonga_1980,Tonga,1980,mixed_equal,-13.106567,13.106567,-16.5
Tonga_1981,Tonga,1981,cassava_only,-32.633764,32.633764,-14.8
Tonga_1981,Tonga,1981,taro_only,-8.069395,8.069395,-14.8
Tonga_1981,Tonga,1981,sweet_potato_only,-0.076201,0.076201,-14.8
Tonga_1981,Tonga,1981,mixed_equal,-12.774054,12.774054,-14.8
Tonga_1983,Tonga,1983,cassava_only,-29.955671,29.955671,-26.0
Tonga_1983,Tonga,1983,taro_only,-7.478396,7.478396,-26.0
Tonga_1983,Tonga,1983,sweet_potato_only,0.214593,0,-26.0
Tonga_1983,Tonga,1983,mixed_equal,-11.808027,11.808027,-26.0
Tonga_1986,Tonga,1986,cassava_only,-24.54355,24.54355,-13.4
Tonga_1986,Tonga,1986,taro_only,-6.00301,6.00301,-13.4
Tonga_1986,Tonga,1986,sweet_potato_only,1.425513,0,-13.4
Tonga_1986,Tonga,1986,mixed_equal,-9.36772,9.36772,-13.4
Tonga_1987,Tonga,1987,cassava_only,-11.013666,11.013666,-26.3
Tonga_1987,Tonga,1987,taro_only,-5.260212,5.260212,-26.3
Tonga_1987,Tonga,1987,sweet_potato_only,2.72744,0,-26.3
Tonga_1987,Tonga,1987,mixed_equal,-4.073042,4.073042,-26.3
Tonga_1994,Tonga,1994,cassava_only,15.271838,0,-16.1
Tonga_1994,Tonga,1994,taro_only,23.086134,0,-16.1
Tonga_1994,Tonga,1994,sweet_potato_only,4.077262,0,-16.1
Tonga_1994,Tonga,1994,mixed_equal,13.019492,0,-16.1
Tonga_1998,Tonga,1998,cassava_only,13.053247,0,-21.8
Tonga_1998,Tonga,1998,taro_only,16.752231,0,-21.8
Tonga_1998,Tonga,1998,sweet_potato_only,5.272017,0,-21.8
Tonga_1998,Tonga,1998,mixed_equal,11.119819,0,-21.8
Tonga_2003,Tonga,2003,cassava_only,1.67319,0,-17.0
Tonga_2003,Tonga,2003,taro_only,8.669109,0,-17.0
Tonga_2003,Tonga,2003,sweet_potato_only,5.915728,0,-17.0
Tonga_2003,Tonga,2003,mixed_equal,4.911717,0,-17.0
Tonga_2015,Tonga,2015,cassava_only,2.141017,0,-21.5
Tonga_2015,Tonga,2015,taro_only,-3.637185,3.637185,-21.5
Tonga_2015,Tonga,2015,sweet_potato_only,-3.336966,3.336966,-21.5
Tonga_2015,Tonga,2015,mixed_equal,-1.00654,1.00654,-21.5
